{
  "project_info": {
    "project_number": "791036337962",
    "project_id": "hewkai-e7fc6",
    "storage_bucket": "hewkai-e7fc6.appspot.com"
  },
  "client": [
    {
      "client_info": {
        "mobilesdk_app_id": "1:791036337962:android:d6287e2aa0ea9645708853",
        "android_client_info": {
          "package_name": "com.example.foodly_ui"
        }
      },
      "oauth_client": [],
      "api_key": [
        {
          "current_key": "AIzaSyDo8X50BarrHroeCfPO6n-3Nf9teJnIg6U"
        }
      ],
      "services": {
        "appinvite_service": {
          "other_platform_oauth_client": []
        }
      }
    }
  ],
  "configuration_version": "1"
}